<?xml version="1.0" encoding="UTF-8"?>
<project-private xmlns="http://www.netbeans.org/ns/project-private/1">
    <editor-bookmarks xmlns="http://www.netbeans.org/ns/editor-bookmarks/2" lastBookmarkId="0"/>
    <open-files xmlns="http://www.netbeans.org/ns/projectui-open-files/2">
        <group>
            <file>file:/C:/Users/hasan/Documents/NetBeansProjects/DataMigrator/src/connectURL.java</file>
            <file>file:/C:/Users/hasan/Documents/NetBeansProjects/DataMigrator/src/connectDS.java</file>
            <file>file:/C:/Users/hasan/Documents/NetBeansProjects/DataMigrator/src/datamigrator/DataMigrator.java</file>
            <file>file:/C:/Users/hasan/Documents/NetBeansProjects/DataMigrator/src/datamigrator/SQLDB.java</file>
            <file>file:/C:/Users/hasan/Documents/NetBeansProjects/DataMigrator/src/datamigrator/LoginPage.java</file>
            <file>file:/C:/Users/hasan/Documents/NetBeansProjects/DataMigrator/src/datamigrator/ORADB.java</file>
        </group>
    </open-files>
</project-private>
